x0,y0,z0,x1,y1,z1,x2,y2,z2,x3,y3,z3,x4,y4,z4,x5,y5,z5,x6,y6,z6,x7,y7,z7,x8,y8,z8,x9,y9,z9,x10,y10,z10,x11,y11,z11,x12,y12,z12,x13,y13,z13,x14,y14,z14,x15,y15,z15,x16,y16,z16,x17,y17,z17,x18,y18,z18,x19,y19,z19,x20,y20,z20,label
0.19083070755004883,0.6560529470443726,7.067790761539072e-07,0.2837759852409363,0.6490339040756226,-0.0476401150226593,0.36099717020988464,0.6001957654953003,-0.07284902036190033,0.4179190397262573,0.5524735450744629,-0.0948595255613327,0.47448402643203735,0.5362018346786499,-0.11720512062311172,0.33284202218055725,0.4050522446632385,-0.045841921120882034,0.37618374824523926,0.30484068393707275,-0.07605499774217606,0.4005376100540161,0.23969225585460663,-0.10118922591209412,0.41959553956985474,0.17758242785930634,-0.12084217369556427,0.2760600447654724,0.36828845739364624,-0.0467098131775856,0.29564374685287476,0.23100242018699646,-0.0741853415966034,0.308663547039032,0.14825692772865295,-0.09798624366521835,0.31857314705848694,0.07551249861717224,-0.11624366790056229,0.2187155783176422,0.36517468094825745,-0.053055230528116226,0.22335028648376465,0.23952850699424744,-0.08231598883867264,0.22892966866493225,0.15706798434257507,-0.10470495373010635,0.23607726395130157,0.08095759153366089,-0.12007113546133041,0.16082917153835297,0.3870978057384491,-0.06384909152984619,0.15136325359344482,0.2856505513191223,-0.09220564365386963,0.14647133648395538,0.2200162261724472,-0.10742157697677612,0.1466880440711975,0.15350466966629028,-0.11745362728834152,Left
0.2505488991737366,0.6038649082183838,-3.707335451963445e-07,0.3456569015979767,0.5948672294616699,-0.026280581951141357,0.4120405912399292,0.5348948240280151,-0.037861037999391556,0.4511837363243103,0.45947837829589844,-0.052657391875982285,0.4599531292915344,0.38175666332244873,-0.06332626938819885,0.3946877419948578,0.39439156651496887,0.002978420350700617,0.4297651946544647,0.3091851472854614,-0.04146919772028923,0.4148420989513397,0.37516292929649353,-0.07228241115808487,0.3877648115158081,0.4369402527809143,-0.08415355533361435,0.3477628827095032,0.3635441064834595,-0.00026545466971583664,0.385868102312088,0.26176148653030396,-0.04281798005104065,0.37089115381240845,0.34854841232299805,-0.06262051314115524,0.349107950925827,0.41111811995506287,-0.06493011116981506,0.2950893044471741,0.344450443983078,-0.011115042492747307,0.3229599893093109,0.24542276561260223,-0.048718638718128204,0.3155258893966675,0.32977524399757385,-0.04737570881843567,0.29870468378067017,0.38903674483299255,-0.034869033843278885,0.2374354600906372,0.3372698128223419,-0.024951854720711708,0.25545990467071533,0.25356781482696533,-0.047257013618946075,0.2639143764972687,0.30514776706695557,-0.04082586616277695,0.261028528213501,0.35239988565444946,-0.02884497120976448,Left
0.22728331387043,0.6724753379821777,8.786365697233123e-07,0.32243117690086365,0.6426043510437012,-0.05115921050310135,0.39571070671081543,0.5756950378417969,-0.07798425108194351,0.44667452573776245,0.5089826583862305,-0.10207059979438782,0.5084041953086853,0.4740549325942993,-0.12555642426013947,0.31794118881225586,0.37545034289360046,-0.03548360615968704,0.35157260298728943,0.25992926955223083,-0.06277596205472946,0.369282603263855,0.1881350725889206,-0.0870543122291565,0.381335973739624,0.1216360330581665,-0.10611054301261902,0.2553108036518097,0.3546202778816223,-0.033603839576244354,0.2579641342163086,0.2146838754415512,-0.05833132192492485,0.2575857639312744,0.12922805547714233,-0.08191568404436111,0.2547438144683838,0.05704435706138611,-0.09974034130573273,0.19876843690872192,0.365874320268631,-0.038140326738357544,0.1857365071773529,0.23918913304805756,-0.06527207791805267,0.17646759748458862,0.1572234183549881,-0.08655121177434921,0.16876313090324402,0.0830233097076416,-0.10059792548418045,0.14763464033603668,0.4030861258506775,-0.04764943942427635,0.12653301656246185,0.3042639195919037,-0.07352425903081894,0.11204038560390472,0.24078255891799927,-0.08681552857160568,0.10061535239219666,0.1764339655637741,-0.0949627235531807,Left
0.16993595659732819,0.4359920918941498,9.349200240649225e-07,0.22105608880519867,0.5502526760101318,-0.04937446489930153,0.28966107964515686,0.6353082060813904,-0.07518117874860764,0.3521663248538971,0.7020589113235474,-0.0982644185423851,0.3921084403991699,0.768890380859375,-0.12092865258455276,0.41714999079704285,0.5176482200622559,-0.03878168761730194,0.5104441046714783,0.5560384392738342,-0.07489961385726929,0.5698849558830261,0.5812846422195435,-0.1056792140007019,0.622140645980835,0.6037908792495728,-0.12776555120944977,0.4233023524284363,0.4319145977497101,-0.039849139750003815,0.5354061722755432,0.4194382429122925,-0.07226133346557617,0.606926679611206,0.4136321544647217,-0.09984646737575531,0.6705074310302734,0.41037869453430176,-0.11965865641832352,0.4022865891456604,0.354301393032074,-0.047856301069259644,0.5008264183998108,0.32773518562316895,-0.08311615139245987,0.5664372444152832,0.3179181218147278,-0.10773720592260361,0.6246408820152283,0.31293410062789917,-0.12260700017213821,0.36064958572387695,0.2801637053489685,-0.06046877056360245,0.4300885498523712,0.23034243285655975,-0.09363769739866257,0.4789297878742218,0.1954069435596466,-0.10954313725233078,0.5275942087173462,0.16465020179748535,-0.11832855641841888,Left
0.22036242485046387,0.5840502381324768,7.740250680399186e-07,0.3147284686565399,0.6492866277694702,-0.0491415373980999,0.41404402256011963,0.6576066017150879,-0.07192352414131165,0.4919376075267792,0.648280918598175,-0.09176480025053024,0.5486069321632385,0.6763677597045898,-0.11170791834592819,0.45430421829223633,0.449775755405426,-0.04478885978460312,0.546499490737915,0.4046269953250885,-0.07715305685997009,0.6030396819114685,0.3640393316745758,-0.10380137711763382,0.6504327058792114,0.32110196352005005,-0.12454695999622345,0.41679906845092773,0.37177228927612305,-0.04642380028963089,0.4952743649482727,0.2594165802001953,-0.07753116637468338,0.5468699932098389,0.19094976782798767,-0.10296125710010529,0.5898911952972412,0.12686598300933838,-0.12156517803668976,0.3656432330608368,0.3278908431529999,-0.05386454984545708,0.422624796628952,0.21149303019046783,-0.08768333494663239,0.4653307795524597,0.13799110054969788,-0.11189836263656616,0.5039332509040833,0.07151943445205688,-0.12730920314788818,0.30382031202316284,0.3095289170742035,-0.0659354031085968,0.32597631216049194,0.1989719420671463,-0.09932146221399307,0.34483689069747925,0.1250399649143219,-0.11643552780151367,0.36750826239585876,0.05513736605644226,-0.12656652927398682,Left
0.2826380729675293,0.7544137239456177,1.1223728506593034e-06,0.3739866018295288,0.6851235628128052,-0.0701235756278038,0.43939009308815,0.5900223255157471,-0.11561110615730286,0.49298274517059326,0.5058600902557373,-0.15644870698451996,0.5556711554527283,0.4505557119846344,-0.19864831864833832,0.31009921431541443,0.38473594188690186,-0.09184715151786804,0.32707586884498596,0.2172389030456543,-0.14316855370998383,0.33362823724746704,0.10821214318275452,-0.18068596720695496,0.33295315504074097,0.009825944900512695,-0.20880742371082306,0.23274856805801392,0.3843344748020172,-0.09395885467529297,0.19884195923805237,0.20247428119182587,-0.14118753373622894,0.17416615784168243,0.08832347393035889,-0.17740604281425476,0.14773356914520264,-0.009209007024765015,-0.20356430113315582,0.17039227485656738,0.42856916785240173,-0.10178159922361374,0.10935716331005096,0.2721226215362549,-0.15071772038936615,0.06425286829471588,0.1632612645626068,-0.18813593685626984,0.02414003014564514,0.06673139333724976,-0.2133077085018158,0.12153655290603638,0.5046306252479553,-0.11458472162485123,0.04654274880886078,0.41723981499671936,-0.1600578874349594,-0.001218259334564209,0.3683488070964813,-0.18367475271224976,-0.042236328125,0.3227500915527344,-0.1982504278421402,Left
0.43741241097450256,0.6999558210372925,7.062339477670321e-07,0.5254674553871155,0.6834769248962402,-0.04254939407110214,0.6020691990852356,0.6236170530319214,-0.06479881703853607,0.6524119973182678,0.5723258852958679,-0.08480894565582275,0.7012060284614563,0.5398812294006348,-0.10462527722120285,0.5452293753623962,0.4341989755630493,-0.04035881906747818,0.5850657224655151,0.3302026391029358,-0.06896885484457016,0.6079229116439819,0.2625386118888855,-0.09129386395215988,0.6250447630882263,0.20167618989944458,-0.10796788334846497,0.4871847629547119,0.40518710017204285,-0.04154258593916893,0.4955529272556305,0.2693432867527008,-0.06724993139505386,0.5013925433158875,0.1863485872745514,-0.08727113157510757,0.5042268633842468,0.11551791429519653,-0.10148251056671143,0.4334421753883362,0.4085080027580261,-0.047863543033599854,0.42181992530822754,0.2819216251373291,-0.07561809569597244,0.41875654458999634,0.20497813820838928,-0.09406440705060959,0.418150931596756,0.1352584958076477,-0.10553839802742004,0.38388699293136597,0.43903982639312744,-0.05827482417225838,0.35352805256843567,0.3481679856777191,-0.08566629141569138,0.33296889066696167,0.29021793603897095,-0.09819117933511734,0.31762930750846863,0.23315593600273132,-0.10490862280130386,Left
0.3880077004432678,0.8805606961250305,5.298207952364464e-07,0.5063822865486145,0.8936095237731934,-0.02012925036251545,0.6037808060646057,0.8472299575805664,-0.03135504946112633,0.6804339289665222,0.8246935606002808,-0.04664604365825653,0.7389812469482422,0.8136337995529175,-0.06493425369262695,0.5971417427062988,0.6102132201194763,-0.015618807636201382,0.6534936428070068,0.48806729912757874,-0.04239949211478233,0.6855655908584595,0.4154621660709381,-0.06660851091146469,0.7158081531524658,0.34973180294036865,-0.08696854114532471,0.5476794838905334,0.567188024520874,-0.03360358253121376,0.5962578654289246,0.4137846827507019,-0.061960287392139435,0.6303378939628601,0.3198452591896057,-0.09198453277349472,0.658161461353302,0.2407723069190979,-0.11553651094436646,0.489557683467865,0.561015784740448,-0.0556035079061985,0.5237162709236145,0.4124051332473755,-0.08641909807920456,0.5527374148368835,0.31972238421440125,-0.11350854486227036,0.5811479687690735,0.23296311497688293,-0.13352376222610474,0.4265022277832031,0.582863450050354,-0.07987261563539505,0.44637635350227356,0.4645650088787079,-0.11378306895494461,0.4616128206253052,0.3863201141357422,-0.1328684389591217,0.47945481538772583,0.30762574076652527,-0.14621645212173462,Left
0.7023723125457764,0.86454838514328,7.353485784733493e-07,0.5986948013305664,0.8263077735900879,-0.03864849731326103,0.5127565264701843,0.739321768283844,-0.058064233511686325,0.4488242268562317,0.6686425805091858,-0.07538672536611557,0.39189988374710083,0.623721182346344,-0.09283145517110825,0.5857303738594055,0.5320419669151306,-0.028851544484496117,0.5616915822029114,0.3980761766433716,-0.05087127909064293,0.5505407452583313,0.31555700302124023,-0.06994760781526566,0.5443743467330933,0.24485793709754944,-0.0863787829875946,0.6524232625961304,0.5122336149215698,-0.03546140342950821,0.6471335291862488,0.3557174801826477,-0.054174114018678665,0.6447932124137878,0.25857794284820557,-0.07258836179971695,0.6442025303840637,0.18096518516540527,-0.08810125291347504,0.7167215347290039,0.526226282119751,-0.04889153316617012,0.7284655570983887,0.37320536375045776,-0.07979723811149597,0.7358930110931396,0.27886149287223816,-0.10589224100112915,0.7409076690673828,0.19449740648269653,-0.12524764239788055,0.7777445912361145,0.5673998594284058,-0.06549619883298874,0.8296696543693542,0.4708799719810486,-0.10248513519763947,0.8654912114143372,0.4026365876197815,-0.12513458728790283,0.8949427604675293,0.33434033393859863,-0.1406799554824829,Right
0.729929506778717,0.8418267369270325,4.7150143700491753e-07,0.6291013360023499,0.8834431171417236,-0.02880486473441124,0.5248880982398987,0.8842927813529968,-0.049085281789302826,0.44303345680236816,0.8958455920219421,-0.07021751254796982,0.3796825110912323,0.9266020059585571,-0.09262050688266754,0.47335413098335266,0.6872748136520386,-0.014625858515501022,0.3878578543663025,0.6321730017662048,-0.04045422375202179,0.3334255814552307,0.6017246842384338,-0.06599496304988861,0.28679171204566956,0.5762742161750793,-0.08686758577823639,0.5063810348510742,0.6188250184059143,-0.02760031819343567,0.426565557718277,0.5305676460266113,-0.05434460565447807,0.38197293877601624,0.4831942617893219,-0.08031165599822998,0.3460221588611603,0.44876629114151,-0.09891398251056671,0.5574513673782349,0.5761508941650391,-0.04677648842334747,0.48554155230522156,0.47812795639038086,-0.07953006029129028,0.439358115196228,0.41544684767723083,-0.1063811406493187,0.39646005630493164,0.35890933871269226,-0.12556450068950653,0.6207224726676941,0.5561729669570923,-0.06848940998315811,0.6018372774124146,0.448973685503006,-0.10026436299085617,0.5937265753746033,0.3698454797267914,-0.11814913153648376,0.583477258682251,0.29569071531295776,-0.13103359937667847,Right
0.747032105922699,0.4812701940536499,5.949219712420017e-07,0.7200505137443542,0.6014076471328735,-0.04870527982711792,0.6648818254470825,0.7057141661643982,-0.08087123185396194,0.6099197268486023,0.7847684621810913,-0.10897015780210495,0.5776088237762451,0.8673993945121765,-0.1377941220998764,0.5167346596717834,0.6265694499015808,-0.056800778955221176,0.42509618401527405,0.6765275001525879,-0.09449837356805801,0.36942195892333984,0.7092581391334534,-0.12522651255130768,0.3169264793395996,0.7347703576087952,-0.14868061244487762,0.49721479415893555,0.5431048274040222,-0.060862455517053604,0.3895252048969269,0.5699129700660706,-0.09311258047819138,0.3249339461326599,0.5845460891723633,-0.11991036683320999,0.26547643542289734,0.5957385897636414,-0.14111314713954926,0.5055198669433594,0.4591256380081177,-0.07060745358467102,0.40216749906539917,0.46629568934440613,-0.1080140694975853,0.33691275119781494,0.4722185730934143,-0.13327321410179138,0.27618056535720825,0.48000258207321167,-0.15177977085113525,0.5340818762779236,0.37585127353668213,-0.08406350016593933,0.45507383346557617,0.33031895756721497,-0.119253970682621,0.40583792328834534,0.296131432056427,-0.13596507906913757,0.35767972469329834,0.26870015263557434,-0.14770129323005676,Right
0.73820561170578,0.54595547914505,6.804718282182876e-07,0.6746151447296143,0.6592367887496948,-0.04645324498414993,0.5915006995201111,0.7214744687080383,-0.07495053857564926,0.516848623752594,0.7610560655593872,-0.0995912104845047,0.4656883478164673,0.8237401247024536,-0.12526343762874603,0.48632732033729553,0.5609870553016663,-0.05049971118569374,0.38765081763267517,0.5555694103240967,-0.08744767308235168,0.32559818029403687,0.5496197938919067,-0.1183692142367363,0.2705850899219513,0.5405141711235046,-0.14217022061347961,0.4958767890930176,0.474468857049942,-0.05571802705526352,0.3925034701824188,0.4390457272529602,-0.08896077424287796,0.32921093702316284,0.4162813425064087,-0.1176251545548439,0.2724124491214752,0.39505431056022644,-0.13933125138282776,0.528015673160553,0.40486305952072144,-0.06674516946077347,0.4338790476322174,0.35673514008522034,-0.10536324977874756,0.37550875544548035,0.3223693370819092,-0.12991072237491608,0.32106587290763855,0.2942872643470764,-0.14688564836978912,0.5772609710693359,0.3480411171913147,-0.08133988827466965,0.5204645991325378,0.2711920142173767,-0.11855467408895493,0.4839468002319336,0.21716302633285522,-0.13527242839336395,0.4462638795375824,0.1712598204612732,-0.1459939032793045,Right
0.6874611973762512,0.7680071592330933,6.627606694564747e-07,0.5956113338470459,0.7707850933074951,-0.036553408950567245,0.507003903388977,0.7292667627334595,-0.05946170911192894,0.43718481063842773,0.6927194595336914,-0.07995011657476425,0.37293577194213867,0.6896337866783142,-0.1018441915512085,0.5140454769134521,0.531356692314148,-0.04286669194698334,0.45820352435112,0.4345563054084778,-0.07199714332818985,0.42209771275520325,0.3754395842552185,-0.09610272943973541,0.3904758393764496,0.3214370906352997,-0.11590013653039932,0.5661913752555847,0.4867045283317566,-0.051120124757289886,0.5234740972518921,0.36121857166290283,-0.07753685861825943,0.4942002296447754,0.28160741925239563,-0.10176800191402435,0.4677656888961792,0.21215912699699402,-0.12133338302373886,0.626032829284668,0.4748494029045105,-0.0642021894454956,0.5976705551147461,0.34728625416755676,-0.09994732588529587,0.5761382579803467,0.26708245277404785,-0.1282394528388977,0.5536369681358337,0.19445717334747314,-0.14892414212226868,0.6908105611801147,0.4904935956001282,-0.07956301420927048,0.7131509184837341,0.3855469822883606,-0.11825114488601685,0.7279940843582153,0.31327998638153076,-0.1399540901184082,0.7369191646575928,0.24568814039230347,-0.1548498570919037,Right
0.75079745054245,0.8299795985221863,6.665919158876932e-07,0.6503093838691711,0.8134201765060425,-0.04140446335077286,0.5534235835075378,0.749737560749054,-0.06416978687047958,0.47956734895706177,0.6938844919204712,-0.08440321683883667,0.41813069581985474,0.6530448794364929,-0.10474993288516998,0.588134765625,0.5387067794799805,-0.036889757961034775,0.5426803231239319,0.4172675907611847,-0.0634911060333252,0.5176509618759155,0.3425082564353943,-0.08594097942113876,0.49928802251815796,0.2751486599445343,-0.10489711910486221,0.6489563584327698,0.5010043978691101,-0.04220249131321907,0.6208358407020569,0.35716012120246887,-0.06630455702543259,0.6065831184387207,0.268240362405777,-0.08845251053571701,0.5947703123092651,0.19277000427246094,-0.10706182569265366,0.7127220034599304,0.4982007145881653,-0.05418211221694946,0.7025332450866699,0.3567444682121277,-0.09063197672367096,0.6971628665924072,0.2649846076965332,-0.12078337371349335,0.6902247667312622,0.18201616406440735,-0.142891064286232,0.7784258127212524,0.5228177309036255,-0.06905025988817215,0.8219716548919678,0.4153268337249756,-0.10979285836219788,0.8564185500144958,0.3423808813095093,-0.13501036167144775,0.8838601112365723,0.274020254611969,-0.15262457728385925,Right
0.745940625667572,0.7315635681152344,-4.1483667700958904e-07,0.6543765664100647,0.7386462688446045,-0.06452993303537369,0.5671265721321106,0.6686329245567322,-0.10912399739027023,0.5209576487541199,0.5928035378456116,-0.1522476077079773,0.55138099193573,0.5371145009994507,-0.18900731205940247,0.6157402396202087,0.4598599970340729,-0.07304120808839798,0.5919981002807617,0.3134534955024719,-0.14652788639068604,0.6068945527076721,0.3778423070907593,-0.1928296685218811,0.625313401222229,0.4722128212451935,-0.21542690694332123,0.6870579123497009,0.431763231754303,-0.07493041455745697,0.680914044380188,0.2552641034126282,-0.1529644876718521,0.6956483125686646,0.33949199318885803,-0.19038407504558563,0.6986685991287231,0.4285140335559845,-0.20224788784980774,0.7525572776794434,0.4314888119697571,-0.0856265276670456,0.760346531867981,0.2719283699989319,-0.15098190307617188,0.768517255783081,0.35318851470947266,-0.1627313196659088,0.7598155736923218,0.4419249892234802,-0.15731480717658997,0.8143368363380432,0.4507891535758972,-0.10210902243852615,0.8417989611625671,0.33243808150291443,-0.14747175574302673,0.8408389091491699,0.3694781959056854,-0.15569281578063965,0.8210597634315491,0.4321196675300598,-0.15398921072483063,Right
0.7352999448776245,0.6922781467437744,-7.741051604170934e-07,0.6415741443634033,0.6522371768951416,-0.0436597540974617,0.5606234073638916,0.5656193494796753,-0.0654214546084404,0.5164109468460083,0.4831961393356323,-0.0856260284781456,0.533607006072998,0.4086517095565796,-0.09373492747545242,0.6076810956001282,0.39813852310180664,-0.012232410721480846,0.5721875429153442,0.36334681510925293,-0.0643230602145195,0.5875164270401001,0.4719548225402832,-0.08675936609506607,0.6052934527397156,0.47815144062042236,-0.09888284653425217,0.6743994355201721,0.38934868574142456,-0.013112851418554783,0.633939802646637,0.37149950861930847,-0.06839094310998917,0.6365306973457336,0.4984193742275238,-0.07078956067562103,0.656741201877594,0.4835241734981537,-0.061078257858753204,0.7395500540733337,0.40610629320144653,-0.025824878364801407,0.7081083059310913,0.3993452489376068,-0.079520583152771,0.6977763175964355,0.5163204073905945,-0.0549679659307003,0.7174332141876221,0.5024489164352417,-0.026483865454792976,0.8014742136001587,0.43520206212997437,-0.04391590878367424,0.7735666036605835,0.44437649846076965,-0.07119687646627426,0.7530585527420044,0.5212656259536743,-0.05644192174077034,0.7654401659965515,0.5168009996414185,-0.03916120156645775,Right
0.7307680249214172,0.646125316619873,-7.739492957625771e-07,0.6368615031242371,0.6395613551139832,-0.03609465807676315,0.5389410257339478,0.5961536169052124,-0.056320127099752426,0.4759155511856079,0.5254527926445007,-0.07807378470897675,0.4764331579208374,0.4343028664588928,-0.09099229425191879,0.5433276295661926,0.4476422667503357,0.0015626662643626332,0.5024535059928894,0.37636202573776245,-0.056204091757535934,0.5353900194168091,0.456409752368927,-0.08771322667598724,0.5625178813934326,0.5030071139335632,-0.10027887672185898,0.599326491355896,0.41270288825035095,-0.003455184632912278,0.5572595596313477,0.3400525152683258,-0.06441720575094223,0.5916621685028076,0.45346400141716003,-0.07806125283241272,0.6128338575363159,0.4906530976295471,-0.0709017962217331,0.6593350172042847,0.39304566383361816,-0.019651217386126518,0.6261671185493469,0.31874069571495056,-0.08028372377157211,0.6502839922904968,0.4361908733844757,-0.06230564042925835,0.6652159094810486,0.4792146682739258,-0.03165514022111893,0.7255768775939941,0.38805216550827026,-0.03936825692653656,0.6957501173019409,0.33114495873451233,-0.07237835228443146,0.7019644975662231,0.4174034595489502,-0.05394219607114792,0.7092223763465881,0.45793184638023376,-0.029487913474440575,Right
0.7618995308876038,0.6764148473739624,6.276029580476461e-07,0.6570629477500916,0.6714993715286255,-0.0400889553129673,0.5624871253967285,0.6128148436546326,-0.05942600220441818,0.49068427085876465,0.5556081533432007,-0.07626648992300034,0.4268912076950073,0.5232027769088745,-0.09245076775550842,0.6025667786598206,0.4036877453327179,-0.026961423456668854,0.5532293319702148,0.29323071241378784,-0.048454657196998596,0.5246250629425049,0.2268107384443283,-0.06761163473129272,0.5036463737487793,0.16412290930747986,-0.08473410457372665,0.664418637752533,0.3604391813278198,-0.0315302349627018,0.6325559020042419,0.22782883048057556,-0.05026095733046532,0.6140920519828796,0.14341959357261658,-0.06937640905380249,0.601215124130249,0.06948444247245789,-0.08626973628997803,0.7295149564743042,0.3518422245979309,-0.043054670095443726,0.7140204906463623,0.21872331202030182,-0.07567092776298523,0.7078469395637512,0.134738951921463,-0.10105782747268677,0.7009384036064148,0.058028072118759155,-0.11947361379861832,0.7958074808120728,0.36965590715408325,-0.05773748829960823,0.8268136978149414,0.26294466853141785,-0.09559552371501923,0.8495064377784729,0.1885274350643158,-0.11778998374938965,0.8661224842071533,0.1158648133277893,-0.1330706775188446,Right
0.7486588358879089,0.699735164642334,2.89981215928492e-07,0.6448412537574768,0.698533296585083,-0.020842406898736954,0.555489182472229,0.6355275511741638,-0.036868754774332047,0.4856686592102051,0.575127124786377,-0.05732602998614311,0.4272821545600891,0.540851354598999,-0.07518155127763748,0.5879530310630798,0.45148152112960815,0.0011926735751330853,0.5468980073928833,0.34774166345596313,-0.039603132754564285,0.5377386212348938,0.3564821183681488,-0.07101762294769287,0.5452514886856079,0.39555466175079346,-0.0851852297782898,0.6364486217498779,0.4052184522151947,-0.011376825161278248,0.591465950012207,0.2737281322479248,-0.02834567241370678,0.5642690658569336,0.19719094038009644,-0.04321930184960365,0.5434732437133789,0.13305214047431946,-0.0544767826795578,0.6950348615646362,0.3892565071582794,-0.03343033418059349,0.6696217656135559,0.2587352991104126,-0.05809807777404785,0.6508675813674927,0.17476284503936768,-0.07557656615972519,0.6323493123054504,0.1021294891834259,-0.08779213577508926,0.7579919099807739,0.4001627564430237,-0.058272235095500946,0.7776487469673157,0.2936118245124817,-0.08332077413797379,0.7941556572914124,0.21986444294452667,-0.09388072788715363,0.806628406047821,0.1510140597820282,-0.10012583434581757,Right
0.7480712532997131,0.7129868865013123,2.3701835516476422e-07,0.644339919090271,0.7072709798812866,-0.017310701310634613,0.5546552538871765,0.645466685295105,-0.03155161067843437,0.4844572842121124,0.5895093083381653,-0.050995636731386185,0.4289320111274719,0.557327151298523,-0.06813948601484299,0.5910156965255737,0.45692920684814453,0.004948660731315613,0.5497873425483704,0.3530985414981842,-0.034262705594301224,0.5381497740745544,0.36487114429473877,-0.06500273197889328,0.5437048673629761,0.40775933861732483,-0.07919906824827194,0.6387210488319397,0.4123980402946472,-0.009140724316239357,0.5915647745132446,0.28268909454345703,-0.025117788463830948,0.5627544522285461,0.20688572525978088,-0.039954058825969696,0.5403422713279724,0.1442166566848755,-0.05149087309837341,0.6974616050720215,0.3977988660335541,-0.03252384811639786,0.6718617081642151,0.2635685205459595,-0.057143211364746094,0.6540672183036804,0.1779538094997406,-0.07576247304677963,0.6361750364303589,0.10471504926681519,-0.08907955884933472,0.7606493830680847,0.41103804111480713,-0.05831307917833328,0.783179521560669,0.30574890971183777,-0.08526328206062317,0.8012112975120544,0.23114357888698578,-0.09792923182249069,0.8148160576820374,0.16123154759407043,-0.10567684471607208,Right
0.7474358677864075,0.7121191620826721,1.0942660537693882e-06,0.6336475014686584,0.7106644511222839,-0.050302766263484955,0.5438686013221741,0.6390311121940613,-0.06997334957122803,0.4813653826713562,0.5713650584220886,-0.09260696917772293,0.42068493366241455,0.5228523015975952,-0.11001579463481903,0.5811761021614075,0.46800142526626587,-0.007361283525824547,0.5303734540939331,0.3646962344646454,-0.03356867656111717,0.5004633665084839,0.30271998047828674,-0.053467266261577606,0.474370539188385,0.24481606483459473,-0.06959863007068634,0.6402851939201355,0.4352807402610779,-0.013253245502710342,0.6100192666053772,0.3224382996559143,-0.06343933939933777,0.578382134437561,0.23819682002067566,-0.10312188416719437,0.5525991916656494,0.16610383987426758,-0.12784995138645172,0.7000256180763245,0.4261413514614105,-0.0289444699883461,0.6880641579627991,0.34463709592819214,-0.09895458072423935,0.690585732460022,0.45490798354148865,-0.1110462173819542,0.6886150240898132,0.5352641344070435,-0.10086744278669357,0.7563432455062866,0.4224715232849121,-0.05013379454612732,0.7613102793693542,0.3235350251197815,-0.1043572649359703,0.7639045119285583,0.2526160478591919,-0.12281464040279388,0.759980320930481,0.1735476553440094,-0.12786461412906647,Right
0.7429586052894592,0.7286990880966187,6.563140004800516e-07,0.6335946321487427,0.7213551998138428,-0.041926417499780655,0.5462654829025269,0.6670270562171936,-0.061737626791000366,0.4897467792034149,0.6024313569068909,-0.07914304733276367,0.4598935842514038,0.5269209146499634,-0.09502330422401428,0.5836176872253418,0.4592672884464264,-0.023006590083241463,0.5306784510612488,0.34997767210006714,-0.04842594638466835,0.5006426572799683,0.28146040439605713,-0.07060350477695465,0.48002052307128906,0.21734726428985596,-0.08858653903007507,0.6445746421813965,0.41490045189857483,-0.026834415271878242,0.6072337031364441,0.281887412071228,-0.04744532331824303,0.5854730606079102,0.19509169459342957,-0.06781254708766937,0.568505585193634,0.12020289897918701,-0.08436642587184906,0.7078021168708801,0.40567153692245483,-0.03879638388752937,0.6883788108825684,0.2738354206085205,-0.07177020609378815,0.675318717956543,0.1845313012599945,-0.09847679734230042,0.6614742279052734,0.10159975290298462,-0.11743585020303726,0.7724941968917847,0.4244430959224701,-0.054322414100170135,0.8032049536705017,0.3188211917877197,-0.09224514663219452,0.8242989778518677,0.24354422092437744,-0.11514531821012497,0.839077889919281,0.16886559128761292,-0.13044777512550354,Right
0.1841067671775818,0.8020363450050354,4.5448928176483605e-07,0.30948400497436523,0.8095539808273315,-0.0303104929625988,0.4147592782974243,0.7588737607002258,-0.04919056594371796,0.4901946783065796,0.7014891505241394,-0.07458945363759995,0.5535929203033447,0.6813777089118958,-0.09516466408967972,0.40211355686187744,0.5320754647254944,0.017944084480404854,0.4617881774902344,0.43330705165863037,-0.041465528309345245,0.47293993830680847,0.4900989234447479,-0.09295929223299026,0.466400682926178,0.5678448677062988,-0.11554549634456635,0.35278382897377014,0.47652727365493774,0.00895183626562357,0.4112706780433655,0.33271223306655884,-0.018783913925290108,0.45150279998779297,0.24359765648841858,-0.04905592277646065,0.4877196252346039,0.1588926911354065,-0.0690571665763855,0.29640233516693115,0.4575708508491516,-0.012790316715836525,0.3368557095527649,0.3234284222126007,-0.03657812252640724,0.3667195439338684,0.2329467236995697,-0.05433531105518341,0.3938441276550293,0.15256398916244507,-0.0638677179813385,0.23282603919506073,0.46326789259910583,-0.04021777957677841,0.2611447870731354,0.35097408294677734,-0.05004902929067612,0.27892109751701355,0.27581971883773804,-0.04910983145236969,0.29989108443260193,0.20673391222953796,-0.04712972044944763,Left
0.16073043644428253,0.8037669658660889,8.522516168341099e-07,0.2823818624019623,0.8263785243034363,-0.053537167608737946,0.3945610523223877,0.7719719409942627,-0.07292062044143677,0.4745821952819824,0.7087284326553345,-0.09028153866529465,0.5452287197113037,0.6772358417510986,-0.10554316639900208,0.38998788595199585,0.541121244430542,-0.032335635274648666,0.4648393988609314,0.440956711769104,-0.06199529394507408,0.5077425837516785,0.37749457359313965,-0.08663567155599594,0.5456002950668335,0.31885087490081787,-0.10523636639118195,0.3308531939983368,0.4796313941478729,-0.03272145241498947,0.3864070177078247,0.33467555046081543,-0.06737224757671356,0.42645227909088135,0.23746123909950256,-0.09989335387945175,0.4575110971927643,0.1640714704990387,-0.12347473949193954,0.2616958022117615,0.4593968987464905,-0.04034752398729324,0.28970783948898315,0.3375941514968872,-0.08393115550279617,0.3048117160797119,0.31325483322143555,-0.1120508536696434,0.31597813963890076,0.3036733865737915,-0.1259041428565979,0.18551850318908691,0.4646967053413391,-0.05289975181221962,0.19120332598686218,0.3473561406135559,-0.09152919054031372,0.19188937544822693,0.267036110162735,-0.11264745146036148,0.19584964215755463,0.19437077641487122,-0.12494098395109177,Left
0.18074411153793335,0.8459606170654297,6.1496808712036e-07,0.2928710877895355,0.8513967990875244,-0.05684548243880272,0.4015728831291199,0.79243004322052,-0.09105789661407471,0.4874405860900879,0.7526230216026306,-0.12644843757152557,0.5598015189170837,0.730908215045929,-0.15680433809757233,0.36922019720077515,0.5314241647720337,-0.04497300088405609,0.40733152627944946,0.3757753074169159,-0.0987534299492836,0.4150630533695221,0.3842771053314209,-0.13588598370552063,0.41265547275543213,0.4113767743110657,-0.1526535451412201,0.3061069846153259,0.4910733699798584,-0.049525242298841476,0.3459499776363373,0.3211476802825928,-0.09272637218236923,0.3768872022628784,0.2191406488418579,-0.1275077611207962,0.39497411251068115,0.13284829258918762,-0.15063820779323578,0.23372533917427063,0.48872852325439453,-0.06396760791540146,0.2463461309671402,0.35487544536590576,-0.1131497249007225,0.26075512170791626,0.37009376287460327,-0.13584336638450623,0.26923486590385437,0.3938910961151123,-0.14257238805294037,0.15805359184741974,0.5133036971092224,-0.083913654088974,0.1480361819267273,0.38441944122314453,-0.1160392016172409,0.13753949105739594,0.3001381456851959,-0.1257171630859375,0.12700484693050385,0.22328758239746094,-0.12959639728069305,Left
0.4436878263950348,0.8852472305297852,9.906049172059284e-07,0.5511811375617981,0.8472551107406616,-0.046470873057842255,0.6434254050254822,0.7837161421775818,-0.08367054164409637,0.7239024043083191,0.7503402233123779,-0.12137774378061295,0.7957744598388672,0.743266224861145,-0.16185984015464783,0.5738294720649719,0.5443482398986816,-0.06745398789644241,0.6232237815856934,0.40589648485183716,-0.11409944295883179,0.6534983515739441,0.3192436099052429,-0.14923785626888275,0.6769698858261108,0.2366965115070343,-0.17565403878688812,0.5042271614074707,0.5211119055747986,-0.08092932403087616,0.5072595477104187,0.3389122486114502,-0.12464726716279984,0.5147634148597717,0.22257402539253235,-0.16022531688213348,0.517113447189331,0.12101194262504578,-0.18654808402061462,0.4401606619358063,0.5450108647346497,-0.09886860847473145,0.40725862979888916,0.38146063685417175,-0.14267608523368835,0.39627957344055176,0.26833513379096985,-0.17645946145057678,0.3901703357696533,0.16581416130065918,-0.19926974177360535,0.3845542073249817,0.6042106747627258,-0.12065821886062622,0.336184024810791,0.4859950542449951,-0.16163146495819092,0.30637720227241516,0.40430504083633423,-0.1837622970342636,0.28459036350250244,0.3221152126789093,-0.19820867478847504,Left
0.43594175577163696,0.8964893817901611,1.0315741292288294e-06,0.5436913967132568,0.8603857755661011,-0.044211406260728836,0.6341359615325928,0.7997691631317139,-0.08214043825864792,0.7134015560150146,0.7675764560699463,-0.12069495022296906,0.7816591262817383,0.7596749663352966,-0.1622130572795868,0.5713050365447998,0.5627501010894775,-0.07148683071136475,0.6247075796127319,0.4260237216949463,-0.12057602405548096,0.6583450436592102,0.3407917022705078,-0.15654821693897247,0.6850297451019287,0.2585040032863617,-0.1835092306137085,0.5036131143569946,0.5394514799118042,-0.08718602359294891,0.5106366276741028,0.35542944073677063,-0.13489986956119537,0.5209549069404602,0.23619922995567322,-0.17217722535133362,0.5253064036369324,0.1308155655860901,-0.1992172747850418,0.43990665674209595,0.5645604729652405,-0.10680261999368668,0.40895479917526245,0.39840567111968994,-0.15453357994556427,0.40040114521980286,0.28234922885894775,-0.1892007738351822,0.39632856845855713,0.17801040410995483,-0.21193061769008636,0.3837358355522156,0.625054657459259,-0.1296997219324112,0.3356766104698181,0.5052374601364136,-0.17379651963710785,0.3078128695487976,0.4197045564651489,-0.19685792922973633,0.2882852554321289,0.33402007818222046,-0.2115640640258789,Left
0.43748095631599426,0.9094985723495483,1.2135623137510265e-06,0.544710636138916,0.8688564300537109,-0.03835999220609665,0.6323771476745605,0.8114342093467712,-0.07213393598794937,0.7130461931228638,0.7838684320449829,-0.10636027902364731,0.783379852771759,0.7732462882995605,-0.14667104184627533,0.5751000046730042,0.5786421895027161,-0.07028814405202866,0.6294155120849609,0.4388992190361023,-0.11172538995742798,0.6618062257766724,0.35406801104545593,-0.14035367965698242,0.6901291608810425,0.27491694688796997,-0.16282671689987183,0.5035332441329956,0.556613564491272,-0.08921080827713013,0.5084556937217712,0.36963191628456116,-0.1329563707113266,0.5211895704269409,0.25191593170166016,-0.172523632645607,0.5320889949798584,0.15113261342048645,-0.20101778209209442,0.43943649530410767,0.5883991122245789,-0.10975213348865509,0.39492273330688477,0.4166520833969116,-0.16515016555786133,0.3912113606929779,0.3060612082481384,-0.212691530585289,0.3955504298210144,0.21354800462722778,-0.24456454813480377,0.3892523944377899,0.6584696769714355,-0.1306982934474945,0.3576822876930237,0.5771648287773132,-0.18577013909816742,0.3641611933708191,0.585964560508728,-0.2103329747915268,0.3759457767009735,0.60127854347229,-0.22500212490558624,Left
0.23115496337413788,0.6997716426849365,5.46078240404313e-07,0.1628081500530243,0.5845708847045898,0.029094522818922997,0.11684153974056244,0.4797093868255615,0.024172019213438034,0.08742117881774902,0.39323413372039795,0.017739374190568924,0.0414142906665802,0.3511222302913666,0.008315903134644032,0.20579080283641815,0.3770587146282196,-0.0666402131319046,0.20851492881774902,0.1900731325149536,-0.09892063587903976,0.21771278977394104,0.08352378010749817,-0.10602447390556335,0.2259460836648941,0.0035493671894073486,-0.10616905242204666,0.2684344947338104,0.39727312326431274,-0.0909966230392456,0.31427493691444397,0.18047061562538147,-0.1329210102558136,0.34288325905799866,0.05643296241760254,-0.14209941029548645,0.36020374298095703,-0.02748081088066101,-0.14298927783966064,0.33228275179862976,0.44152113795280457,-0.10615557432174683,0.39780399203300476,0.26959675550460815,-0.1372079998254776,0.443331241607666,0.18088586628437042,-0.13946233689785004,0.4748822748661041,0.1191236674785614,-0.13497117161750793,0.3841249942779541,0.5043101906776428,-0.11517121642827988,0.4573131799697876,0.37939685583114624,-0.1301218867301941,0.4981195032596588,0.32463812828063965,-0.12245593965053558,0.5285983085632324,0.27854466438293457,-0.11281058937311172,Left
0.731887936592102,0.8098669648170471,-5.715368160963408e-07,0.7908408045768738,0.690811038017273,0.01150826457887888,0.805811882019043,0.5433996319770813,0.0033877172973006964,0.7794766426086426,0.41936492919921875,-0.003542277729138732,0.7609361410140991,0.33599889278411865,-0.010851483792066574,0.8030084371566772,0.5276693105697632,-0.07903873175382614,0.7136254906654358,0.3611595630645752,-0.10018746554851532,0.6901577115058899,0.4014953374862671,-0.09112892299890518,0.7033039927482605,0.4568430781364441,-0.08089157938957214,0.7415469884872437,0.5763696432113647,-0.09442020952701569,0.6400165557861328,0.40206873416900635,-0.1164456382393837,0.6333039999008179,0.45111608505249023,-0.0965832769870758,0.6613173484802246,0.5038499236106873,-0.08257152140140533,0.675608217716217,0.6243324279785156,-0.10368292778730392,0.578350841999054,0.4646768569946289,-0.1220354288816452,0.5842589735984802,0.5124289393424988,-0.09204978495836258,0.6169535517692566,0.5630145072937012,-0.07220429182052612,0.6092017889022827,0.671826958656311,-0.10964420437812805,0.5327042937278748,0.5432406067848206,-0.12980085611343384,0.5468172430992126,0.5708397030830383,-0.1152745708823204,0.5801044702529907,0.6075854301452637,-0.10241993516683578,Right
0.7247163653373718,0.8658144474029541,8.481172244501067e-07,0.6290918588638306,0.8338935375213623,-0.04553723335266113,0.5428386926651001,0.7552371025085449,-0.07533423602581024,0.4744381904602051,0.6955506801605225,-0.10261255502700806,0.40517091751098633,0.6601400375366211,-0.13165895640850067,0.5883955955505371,0.5251232385635376,-0.050769027322530746,0.5412958860397339,0.39728885889053345,-0.0841946080327034,0.5146159529685974,0.31478261947631836,-0.11131864786148071,0.49679264426231384,0.23787450790405273,-0.13432976603507996,0.6599424481391907,0.49539223313331604,-0.06146048754453659,0.6384517550468445,0.33745136857032776,-0.09280500560998917,0.6261820197105408,0.23271963000297546,-0.12257637083530426,0.6161055564880371,0.13940247893333435,-0.14658290147781372,0.7305600643157959,0.5097039937973022,-0.07852469384670258,0.7304563522338867,0.3499305546283722,-0.1252637654542923,0.728389322757721,0.24292448163032532,-0.16590352356433868,0.7242913246154785,0.14106696844100952,-0.19510017335414886,0.7984358668327332,0.5586089491844177,-0.0979507714509964,0.8646326065063477,0.45301467180252075,-0.15020900964736938,0.9110375642776489,0.3751300275325775,-0.18361380696296692,0.9465692043304443,0.2967155873775482,-0.20689602196216583,Right
0.7848588824272156,0.7772985100746155,1.4466726838691102e-07,0.835385262966156,0.6475971937179565,0.051236603409051895,0.849087119102478,0.5339357256889343,0.06514926254749298,0.8528802394866943,0.4421837031841278,0.07406003028154373,0.8764516115188599,0.3808111548423767,0.07990821450948715,0.8262345790863037,0.4584679901599884,-0.023676255717873573,0.794816792011261,0.2950354814529419,-0.038074564188718796,0.757679283618927,0.2079664170742035,-0.032890450209379196,0.7273292541503906,0.1528177261352539,-0.026587622240185738,0.7711090445518494,0.48098787665367126,-0.05309804156422615,0.7271676063537598,0.2934114336967468,-0.08505401760339737,0.6819282174110413,0.1917409598827362,-0.08613347262144089,0.6474234461784363,0.12493294477462769,-0.08123347163200378,0.708908200263977,0.521135151386261,-0.07332237809896469,0.6437860727310181,0.35688579082489014,-0.0993458554148674,0.5954231023788452,0.28257086873054504,-0.09710643440485,0.5624850988388062,0.23494896292686462,-0.08963942527770996,0.6470169425010681,0.5807647109031677,-0.08532438427209854,0.5743332505226135,0.46036309003829956,-0.10846001654863358,0.5341192483901978,0.403911828994751,-0.10994374006986618,0.5062323808670044,0.35748395323753357,-0.10479256510734558,Right
0.7902700901031494,0.767110288143158,9.93877193877779e-08,0.844080924987793,0.6392009258270264,0.052088625729084015,0.8615432381629944,0.5274028778076172,0.06632249802350998,0.8661261796951294,0.43457022309303284,0.07584472745656967,0.8890220522880554,0.3717114329338074,0.08227303624153137,0.8363379240036011,0.4579063653945923,-0.025063643231987953,0.8063308596611023,0.2929650545120239,-0.038894571363925934,0.7661459445953369,0.20823892951011658,-0.03191840648651123,0.7351951599121094,0.15656110644340515,-0.023814620450139046,0.781281054019928,0.480998694896698,-0.05370115116238594,0.7372627854347229,0.29272621870040894,-0.08637312054634094,0.6896553635597229,0.19476059079170227,-0.0848204717040062,0.656370997428894,0.1327192783355713,-0.07730429619550705,0.7190647125244141,0.5190355777740479,-0.07309414446353912,0.6542404890060425,0.35644030570983887,-0.09779917448759079,0.6063254475593567,0.28017374873161316,-0.09255383163690567,0.5757722854614258,0.22965195775032043,-0.08297991752624512,0.6565923094749451,0.5749130249023438,-0.08430613577365875,0.5859918594360352,0.4536413550376892,-0.10361829400062561,0.5467250347137451,0.396636426448822,-0.10226238518953323,0.5207067728042603,0.3493573069572449,-0.09557797014713287,Right
0.7560641765594482,0.774988055229187,6.892856276863313e-07,0.8251942992210388,0.6572592258453369,0.011962102726101875,0.865752100944519,0.5463820099830627,0.00355172879062593,0.8839586973190308,0.4390789866447449,-0.0016328087076544762,0.9105449318885803,0.3627611994743347,-0.008894896134734154,0.7901666164398193,0.48272377252578735,-0.06812191754579544,0.7715152502059937,0.29975786805152893,-0.09262237697839737,0.7424906492233276,0.19477000832557678,-0.09670150279998779,0.7169711589813232,0.11954274773597717,-0.09564012289047241,0.7234340310096741,0.5060706734657288,-0.07597291469573975,0.6680397987365723,0.31829702854156494,-0.10510871559381485,0.6229281425476074,0.21878930926322937,-0.10710372030735016,0.5902001857757568,0.1539260745048523,-0.10504911839962006,0.66126948595047,0.5426050424575806,-0.0758194699883461,0.5997744798660278,0.38853150606155396,-0.09258740395307541,0.5626112818717957,0.3088493347167969,-0.08666551113128662,0.5381215810775757,0.260263055562973,-0.07903452217578888,0.6078320145606995,0.5927278995513916,-0.07167024910449982,0.5540347099304199,0.4762676954269409,-0.07768668979406357,0.5262349843978882,0.41911131143569946,-0.06790740042924881,0.5078619122505188,0.37225663661956787,-0.05643726885318756,Right
0.7612103223800659,0.7996731996536255,4.4646969854511553e-07,0.6526535153388977,0.7532520890235901,-0.015715841203927994,0.571584939956665,0.6738584637641907,-0.02269149385392666,0.5148062109947205,0.6063925623893738,-0.034313056617975235,0.46112123131752014,0.55838942527771,-0.04833969101309776,0.628077507019043,0.5110133290290833,0.014299873262643814,0.5781195759773254,0.40991872549057007,-0.003073335625231266,0.5447196364402771,0.34907159209251404,-0.023677611723542213,0.5156733989715576,0.289517879486084,-0.0422150082886219,0.6866434216499329,0.47873249650001526,-0.0052617397159338,0.650390625,0.34463316202163696,-0.024571580812335014,0.6227039098739624,0.2620218098163605,-0.05160335451364517,0.5963455438613892,0.19237691164016724,-0.07318079471588135,0.7457268238067627,0.4771527349948883,-0.03157537803053856,0.7210689187049866,0.34522247314453125,-0.06256132572889328,0.7000939249992371,0.2635963261127472,-0.09240380674600601,0.6786275506019592,0.18778038024902344,-0.11344899237155914,0.8042939901351929,0.4967644512653351,-0.05951505899429321,0.8165715932846069,0.3830476999282837,-0.08993159979581833,0.8288561701774597,0.30572497844696045,-0.10883403569459915,0.8373715281486511,0.23015451431274414,-0.12328903377056122,Right
0.6954026222229004,0.6245429515838623,-5.62680554594408e-07,0.6210112571716309,0.612369179725647,-0.03251698985695839,0.5466430187225342,0.5665976405143738,-0.05225727707147598,0.5031291246414185,0.5007234811782837,-0.07268785685300827,0.5116010308265686,0.4283631145954132,-0.08640089631080627,0.5609302520751953,0.4419097602367401,-0.005601510405540466,0.5321944355964661,0.3851354122161865,-0.05738802254199982,0.5539872050285339,0.4531080424785614,-0.0880817174911499,0.5747811794281006,0.49866366386413574,-0.10104190558195114,0.608551025390625,0.41917747259140015,-0.009462185204029083,0.578433632850647,0.3567987382411957,-0.06434420496225357,0.5977418422698975,0.44972294569015503,-0.07991330325603485,0.6140373349189758,0.4891924262046814,-0.07628236711025238,0.6590310335159302,0.41022440791130066,-0.022268733009696007,0.636902928352356,0.34712207317352295,-0.07456886768341064,0.6477073431015015,0.44397956132888794,-0.0626550018787384,0.6569609642028809,0.4861159324645996,-0.03885661065578461,0.7129957675933838,0.41415706276893616,-0.03818754479289055,0.6936968564987183,0.3674638867378235,-0.06720063835382462,0.691185474395752,0.43587732315063477,-0.05386825650930405,0.6928611397743225,0.4712162911891937,-0.03461860120296478,Right
0.2451401948928833,0.6729086637496948,8.401731861340522e-07,0.34941208362579346,0.6646877527236938,-0.05571359768509865,0.4358866810798645,0.6113946437835693,-0.08706430345773697,0.4989757835865021,0.5601001977920532,-0.11478833854198456,0.5607808828353882,0.5388809442520142,-0.143069326877594,0.4017813205718994,0.38591432571411133,-0.05960595980286598,0.4555954933166504,0.26979371905326843,-0.09996635466814041,0.4875263273715973,0.19189225137233734,-0.13184426724910736,0.5131523013114929,0.12046226859092712,-0.15554074943065643,0.334322988986969,0.3435887098312378,-0.06158376485109329,0.3558298647403717,0.1764681339263916,-0.09830396622419357,0.3703424632549286,0.07658308744430542,-0.1282077580690384,0.3819139301776886,-0.007894426584243774,-0.14989791810512543,0.2685513496398926,0.3435206115245819,-0.06940079480409622,0.26960334181785583,0.1931474804878235,-0.10670136660337448,0.27521705627441406,0.09304380416870117,-0.1335417628288269,0.28351110219955444,0.002958923578262329,-0.1512380689382553,0.20461691915988922,0.3750476837158203,-0.08223522454500198,0.1905372589826584,0.2579851746559143,-0.11739728599786758,0.18208329379558563,0.18025945127010345,-0.13508723676204681,0.179268479347229,0.1024290919303894,-0.14593800902366638,Left
0.24505367875099182,0.668456494808197,8.383747172047151e-07,0.3470573425292969,0.6601901054382324,-0.05657603219151497,0.43264997005462646,0.6057465672492981,-0.08770139515399933,0.49470993876457214,0.5554991364479065,-0.11474394053220749,0.5571215748786926,0.533694863319397,-0.14203305542469025,0.3964017927646637,0.38799700140953064,-0.0601825974881649,0.4506094455718994,0.2756313979625702,-0.10014952719211578,0.4831766188144684,0.20083539187908173,-0.131633460521698,0.5097113847732544,0.12978607416152954,-0.15497681498527527,0.33190128207206726,0.34560203552246094,-0.06093843653798103,0.355925589799881,0.18437297642230988,-0.09688249230384827,0.3715097904205322,0.0875609815120697,-0.1253705769777298,0.3830268681049347,0.00568002462387085,-0.14623691141605377,0.268236368894577,0.34408655762672424,-0.06779136508703232,0.27024298906326294,0.2000313103199005,-0.10470743477344513,0.27703097462654114,0.10430669784545898,-0.13098806142807007,0.2851276397705078,0.018839389085769653,-0.14827238023281097,0.20562122762203217,0.3723791241645813,-0.07978922128677368,0.19162268936634064,0.25739651918411255,-0.1143965870141983,0.1831153929233551,0.17973658442497253,-0.13236366212368011,0.17952404916286469,0.10150837898254395,-0.14372611045837402,Left
0.6973407864570618,0.7646322250366211,2.5416484916718218e-08,0.7304513454437256,0.6458423137664795,0.05458686128258705,0.737881064414978,0.5504230260848999,0.06974450498819351,0.7345002293586731,0.466273695230484,0.07795853167772293,0.7482131123542786,0.4072445333003998,0.08283951878547668,0.7176730632781982,0.46834680438041687,-0.008752856403589249,0.6819260120391846,0.31617456674575806,-0.018298087641596794,0.6481577157974243,0.2420656681060791,-0.01177212968468666,0.6224154829978943,0.19186407327651978,-0.005648958031088114,0.6820659637451172,0.4870334565639496,-0.0408468097448349,0.6338962316513062,0.31166237592697144,-0.06680386513471603,0.591387927532196,0.22070634365081787,-0.06704224646091461,0.5589458346366882,0.15855133533477783,-0.06299129128456116,0.63414067029953,0.5264483094215393,-0.06461890041828156,0.5593115091323853,0.3733936548233032,-0.08846995234489441,0.5082159042358398,0.30537766218185425,-0.08828417956829071,0.4709552228450775,0.25944197177886963,-0.0835954025387764,0.5792428851127625,0.5865647196769714,-0.0802672952413559,0.4948907196521759,0.47944286465644836,-0.10434607416391373,0.4486444592475891,0.42969661951065063,-0.10894753783941269,0.4124480187892914,0.38547757267951965,-0.10723613202571869,Right
0.7066366672515869,0.7682980298995972,8.529419659453197e-08,0.741723895072937,0.6470721364021301,0.05109086260199547,0.7481034398078918,0.5434486269950867,0.0631738007068634,0.744878888130188,0.4547955393791199,0.06888847798109055,0.7578928470611572,0.39376169443130493,0.0705348327755928,0.7360815405845642,0.4728083610534668,-0.02036619558930397,0.704423189163208,0.3150210976600647,-0.034816939383745193,0.6716320514678955,0.23467466235160828,-0.03186463564634323,0.6455063819885254,0.17927616834640503,-0.027929143980145454,0.6998138427734375,0.4924201965332031,-0.05236329510807991,0.6584912538528442,0.30922451615333557,-0.08085948973894119,0.6154603362083435,0.21237143874168396,-0.08413378149271011,0.5805213451385498,0.14667528867721558,-0.08270234614610672,0.6495243906974792,0.5314486026763916,-0.07563105970621109,0.5776582360267639,0.3744089901447296,-0.10131512582302094,0.5271848440170288,0.29893749952316284,-0.10451298207044601,0.48988306522369385,0.24874205887317657,-0.10276422649621964,0.5897552967071533,0.5893039703369141,-0.09082556515932083,0.507595956325531,0.47919827699661255,-0.11582207679748535,0.46193715929985046,0.4268268942832947,-0.12132463604211807,0.4263418912887573,0.3802074193954468,-0.12075044214725494,Right
0.7418793439865112,0.8169915676116943,6.439093453991518e-07,0.6451709866523743,0.7850937843322754,-0.0349089540541172,0.562389612197876,0.7151409387588501,-0.054234638810157776,0.49858611822128296,0.6546984314918518,-0.07304331660270691,0.4400770664215088,0.6106753945350647,-0.09232919663190842,0.6071824431419373,0.5221367478370667,-0.019177991896867752,0.5555382966995239,0.41484662890434265,-0.041764650493860245,0.526094913482666,0.34782955050468445,-0.06271595507860184,0.5039352178573608,0.28458431363105774,-0.08083731681108475,0.6661869883537292,0.48942551016807556,-0.028670191764831543,0.6328826546669006,0.35381969809532166,-0.04965582489967346,0.6128851771354675,0.26767170429229736,-0.07167989760637283,0.5951055884361267,0.1955605447292328,-0.08965904265642166,0.7273380160331726,0.49007368087768555,-0.04525427892804146,0.7104962468147278,0.35711920261383057,-0.07782789319753647,0.6973559856414795,0.27038753032684326,-0.10517879575490952,0.6825563311576843,0.19008144736289978,-0.12486247718334198,0.7888330221176147,0.5165521502494812,-0.06474165618419647,0.8202826976776123,0.4088127613067627,-0.09856092184782028,0.8437429666519165,0.33392956852912903,-0.11929967254400253,0.8596664071083069,0.2614104449748993,-0.13452593982219696,Right
0.7260785698890686,0.8116023540496826,-8.099453339127649e-07,0.6318937540054321,0.7596560120582581,-0.027359042316675186,0.5561617612838745,0.673181414604187,-0.04348213970661163,0.5189521312713623,0.5912688970565796,-0.0632428303360939,0.5237059593200684,0.508246660232544,-0.07414844632148743,0.6036973595619202,0.5272206664085388,0.009139708243310452,0.5645955801010132,0.4626515805721283,-0.051879219710826874,0.5758318305015564,0.5626267194747925,-0.08643746376037598,0.5982950925827026,0.6059775948524475,-0.10087138414382935,0.6617287993431091,0.5209088325500488,-0.0006258200155571103,0.6193000078201294,0.4456484019756317,-0.06392871588468552,0.6207828521728516,0.5665580630302429,-0.07900328934192657,0.6451134085655212,0.5930196642875671,-0.07245036214590073,0.7213015556335449,0.5303595066070557,-0.02157680131494999,0.6849705576896667,0.4556465148925781,-0.08058543503284454,0.6778872013092041,0.5721573829650879,-0.06215469539165497,0.6995058655738831,0.595568060874939,-0.03213813528418541,0.7842569351196289,0.5534409284591675,-0.045981984585523605,0.7503284811973572,0.5044056177139282,-0.0747058168053627,0.7321560978889465,0.583669126033783,-0.055833011865615845,0.7457044720649719,0.6059892177581787,-0.03189346194267273,Right
0.7557234764099121,0.819267213344574,6.446051088460081e-07,0.6569047570228577,0.7875410318374634,-0.03700164705514908,0.5666705965995789,0.7138464450836182,-0.05755257606506348,0.4952815771102905,0.655360758304596,-0.07777420431375504,0.4309755563735962,0.6206068396568298,-0.09882576763629913,0.6148020625114441,0.5156813263893127,-0.024333052337169647,0.5592968463897705,0.4102139472961426,-0.04862755909562111,0.5269114375114441,0.34224650263786316,-0.06953217089176178,0.5016589760780334,0.2781752347946167,-0.0877501368522644,0.6746740341186523,0.48047298192977905,-0.03363720327615738,0.6401830315589905,0.345115602016449,-0.05752675235271454,0.6174869537353516,0.2587414085865021,-0.08025003969669342,0.5968413949012756,0.18293353915214539,-0.09862754493951797,0.7375094890594482,0.4793061912059784,-0.050091732293367386,0.7212244272232056,0.3459131717681885,-0.08796899020671844,0.7050495743751526,0.25580427050590515,-0.11897419393062592,0.687836229801178,0.17233330011367798,-0.1405508667230606,0.8007223010063171,0.5061110854148865,-0.06927131116390228,0.8396867513656616,0.39664342999458313,-0.10852116346359253,0.8699800372123718,0.31747967004776,-0.133259579539299,0.892695426940918,0.24248775839805603,-0.1510484218597412,Right
0.7569856643676758,0.8220007419586182,6.350567218760261e-07,0.6551648378372192,0.7910317778587341,-0.036491334438323975,0.5645042657852173,0.7164449691772461,-0.05707463622093201,0.49269306659698486,0.6557237505912781,-0.07751328498125076,0.4257185161113739,0.6217694282531738,-0.09938454627990723,0.6147276163101196,0.5218106508255005,-0.027585554867982864,0.5590339303016663,0.4160628020763397,-0.05428389832377434,0.5256564021110535,0.3477690517902374,-0.0766560286283493,0.49826350808143616,0.2829720377922058,-0.09594252705574036,0.6748521327972412,0.4854767322540283,-0.038304124027490616,0.6389840841293335,0.34682267904281616,-0.06525549292564392,0.6143340468406677,0.25867050886154175,-0.0902341678738594,0.5914008021354675,0.18154704570770264,-0.11022065579891205,0.7375088930130005,0.4840928912162781,-0.05592314153909683,0.7200335264205933,0.349112868309021,-0.09736117720603943,0.7022280693054199,0.25923874974250793,-0.13092608749866486,0.6831284165382385,0.17564228177070618,-0.154133602976799,0.8005298376083374,0.5112684965133667,-0.07598826289176941,0.8415234088897705,0.4012884497642517,-0.11857893317937851,0.8742579817771912,0.3219491243362427,-0.1454542875289917,0.8991718292236328,0.2464454174041748,-0.16471467912197113,Right
0.7580173015594482,0.8181606531143188,6.149040814307227e-07,0.6570083498954773,0.787417471408844,-0.03422730788588524,0.56757652759552,0.7123415470123291,-0.05301721394062042,0.4995553493499756,0.6513749361038208,-0.07166546583175659,0.4359446167945862,0.6169223785400391,-0.09183324873447418,0.6178839206695557,0.5177969336509705,-0.026939719915390015,0.5624482035636902,0.4104804992675781,-0.05312538146972656,0.5288391709327698,0.34181156754493713,-0.07508798688650131,0.5007328987121582,0.27669182419776917,-0.09411922842264175,0.6780338287353516,0.48233380913734436,-0.038336142897605896,0.6425020694732666,0.3441595435142517,-0.0651387870311737,0.618563175201416,0.25632601976394653,-0.09072162955999374,0.5958445072174072,0.1787710189819336,-0.11122018843889236,0.7402182817459106,0.4819515645503998,-0.05621737986803055,0.722902238368988,0.346482515335083,-0.09754008799791336,0.7053790092468262,0.25578466057777405,-0.13215692341327667,0.6865698099136353,0.17135891318321228,-0.15619400143623352,0.8024393916130066,0.5099942088127136,-0.07617923617362976,0.844179093837738,0.40014615654945374,-0.11864934861660004,0.8774873614311218,0.3214834928512573,-0.14590629935264587,0.9027467966079712,0.2469836175441742,-0.1655188500881195,Right
0.7320470809936523,0.7893836498260498,6.497633080471132e-07,0.6486899256706238,0.7343750596046448,0.0043290648609399796,0.5998204350471497,0.6277740001678467,0.0028744374867528677,0.5732817053794861,0.5569559335708618,-0.008472672663629055,0.5556905269622803,0.5065186023712158,-0.017730604857206345,0.6603542566299438,0.4791281819343567,0.01815802976489067,0.6283606290817261,0.3645566701889038,0.005574177484959364,0.6083637475967407,0.3038489818572998,-0.0007542453822679818,0.5902004837989807,0.25452741980552673,-0.007297201547771692,0.6992822885513306,0.47108256816864014,-0.00801052711904049,0.6909335255622864,0.3273006081581116,-0.038479387760162354,0.6675296425819397,0.23651346564292908,-0.06250917166471481,0.6468073129653931,0.16493216156959534,-0.07789699733257294,0.7368824481964111,0.4889768064022064,-0.03690492361783981,0.6969335079193115,0.38375145196914673,-0.07896625995635986,0.6358518600463867,0.44619905948638916,-0.08505834639072418,0.5974063277244568,0.5003224611282349,-0.07920300960540771,0.7692739963531494,0.519692063331604,-0.0665125623345375,0.7837112545967102,0.4137618839740753,-0.10534080862998962,0.7956053614616394,0.34035956859588623,-0.12219950556755066,0.8088863492012024,0.26429665088653564,-0.129886195063591,Right
0.7422652244567871,0.7581494450569153,4.0289666003445745e-07,0.8042767643928528,0.6375182867050171,0.0311749130487442,0.831245481967926,0.5374784469604492,0.035123858600854874,0.8499335050582886,0.4488062858581543,0.03871849179267883,0.8834089636802673,0.3930002450942993,0.040148574858903885,0.7707041501998901,0.46416178345680237,-0.04741806909441948,0.7560511231422424,0.29959750175476074,-0.06551682204008102,0.7342700362205505,0.2040729820728302,-0.06484322994947433,0.714592695236206,0.13573682308197021,-0.062216050922870636,0.7081164717674255,0.48123791813850403,-0.06446418166160583,0.6723028421401978,0.30385148525238037,-0.09337295591831207,0.6327999830245972,0.20755255222320557,-0.09619778394699097,0.6027403473854065,0.14355677366256714,-0.09521202743053436,0.6482446789741516,0.5174196362495422,-0.07267073541879654,0.5933167934417725,0.36490216851234436,-0.0943744033575058,0.5536195635795593,0.28886502981185913,-0.09713102132081985,0.5269498825073242,0.24065594375133514,-0.09595517069101334,0.595778226852417,0.5706304311752319,-0.07444354146718979,0.528001606464386,0.46805310249328613,-0.09548669308423996,0.48632413148880005,0.41884303092956543,-0.1011161208152771,0.4534461498260498,0.376691609621048,-0.10036524385213852,Right
0.7288493514060974,0.7631924152374268,-7.306129532480554e-07,0.7442412972450256,0.6314989328384399,0.04209557920694351,0.7403117418289185,0.5301187634468079,0.04439205303788185,0.7115657329559326,0.4554743766784668,0.035906605422496796,0.6699227094650269,0.4116017818450928,0.025601863861083984,0.7585334181785583,0.4659053385257721,-0.007738551590591669,0.6978697180747986,0.32123884558677673,-0.03134709596633911,0.6390773057937622,0.3465506434440613,-0.03509610518813133,0.6242885589599609,0.39404842257499695,-0.033260222524404526,0.7423727512359619,0.49028608202934265,-0.04157248139381409,0.6630178093910217,0.3314521908760071,-0.06279425323009491,0.604295015335083,0.3679230809211731,-0.052414651960134506,0.5993158221244812,0.41909074783325195,-0.041482098400592804,0.7118422985076904,0.5308992266654968,-0.07179590314626694,0.6262298226356506,0.39101162552833557,-0.08691849559545517,0.5803914666175842,0.431022584438324,-0.0646037831902504,0.5837185382843018,0.4800606369972229,-0.04699133709073067,0.6724893450737,0.5844985246658325,-0.09818913042545319,0.5899626612663269,0.4820483922958374,-0.10604330897331238,0.5606528520584106,0.4992934465408325,-0.08818795531988144,0.5675386190414429,0.5349641442298889,-0.0724739283323288,Right
0.2097279131412506,0.7277031540870667,8.741064334572002e-07,0.33650803565979004,0.722008228302002,-0.05297519266605377,0.4482767879962921,0.6660032272338867,-0.08063328266143799,0.5306362509727478,0.6082699298858643,-0.1056998074054718,0.6029928922653198,0.585841178894043,-0.1317325383424759,0.41344308853149414,0.40758180618286133,-0.04832616448402405,0.48616665601730347,0.28532683849334717,-0.0866047665476799,0.5275572538375854,0.20113326609134674,-0.11999113112688065,0.5607007145881653,0.1243918240070343,-0.14550015330314636,0.34015917778015137,0.35246291756629944,-0.05294714495539665,0.3823375105857849,0.1688072681427002,-0.0873289406299591,0.4093547463417053,0.061102449893951416,-0.11974916607141495,0.4310078024864197,-0.028487592935562134,-0.14428505301475525,0.26586905121803284,0.3415941894054413,-0.06378592550754547,0.29159069061279297,0.17301198840141296,-0.09987794607877731,0.3133443295955658,0.06499969959259033,-0.12929898500442505,0.3349211812019348,-0.031298041343688965,-0.14976973831653595,0.18954885005950928,0.36421388387680054,-0.0796196460723877,0.1900993287563324,0.22743897140026093,-0.11554604768753052,0.19173936545848846,0.13611125946044922,-0.13436107337474823,0.19884784519672394,0.04673299193382263,-0.14629706740379333,Left
0.1673279106616974,0.7491766214370728,6.949932185307262e-07,0.1136547178030014,0.6102104783058167,0.02620341069996357,0.0868983268737793,0.47670209407806396,0.02278137393295765,0.0787121057510376,0.3715839385986328,0.017248231917619705,0.04973785579204559,0.3055680990219116,0.009028746746480465,0.17522192001342773,0.4150806665420532,-0.06247713416814804,0.21777427196502686,0.22330136597156525,-0.09636106342077255,0.24815356731414795,0.11970540881156921,-0.10663676261901855,0.27155637741088867,0.04318094253540039,-0.10853946954011917,0.23135952651500702,0.4563835561275482,-0.08672770857810974,0.31097716093063354,0.24929872155189514,-0.12195985019207001,0.3626530170440674,0.13213008642196655,-0.12989799678325653,0.39982539415359497,0.05404224991798401,-0.13158641755580902,0.2904869318008423,0.5147727727890015,-0.10360433161258698,0.37145277857780457,0.33685949444770813,-0.13187602162361145,0.4222644567489624,0.2570713758468628,-0.1362914890050888,0.46114522218704224,0.2028324156999588,-0.13493980467319489,0.3405510187149048,0.5847274661064148,-0.11514798551797867,0.4259876608848572,0.4688110649585724,-0.1330743134021759,0.4737490117549896,0.41574808955192566,-0.13054493069648743,0.5164917707443237,0.36968711018562317,-0.12464702874422073,Left
0.17679959535598755,0.7497670650482178,6.850029876659391e-07,0.12764880061149597,0.6092534065246582,0.023482555523514748,0.1054755449295044,0.4759567677974701,0.01860709674656391,0.10047076642513275,0.3714146018028259,0.011830353178083897,0.07696789503097534,0.3000284731388092,0.002834669081494212,0.19630485773086548,0.4180935025215149,-0.059291593730449677,0.24498991668224335,0.23348215222358704,-0.0929785743355751,0.2788242995738983,0.13338899612426758,-0.10563407093286514,0.3062044084072113,0.05944347381591797,-0.10931704193353653,0.2503107488155365,0.4593420624732971,-0.08195433765649796,0.3342363238334656,0.25894278287887573,-0.11413971334695816,0.3896753787994385,0.1464160680770874,-0.12356037646532059,0.42930281162261963,0.07370516657829285,-0.12736482918262482,0.307122141122818,0.5181284546852112,-0.09766045957803726,0.39286017417907715,0.34695130586624146,-0.12283342331647873,0.447211891412735,0.2708261013031006,-0.12839815020561218,0.4879794120788574,0.22183991968631744,-0.1290353238582611,0.3544551134109497,0.5884289741516113,-0.10854380577802658,0.44369447231292725,0.481245219707489,-0.12412725389003754,0.4936237931251526,0.43463456630706787,-0.1214631050825119,0.5368078947067261,0.3950282037258148,-0.11611870676279068,Left
0.17501115798950195,0.741318941116333,6.100019618315855e-07,0.13289986550807953,0.6019797325134277,0.031109685078263283,0.11775322258472443,0.46917158365249634,0.03244691714644432,0.11738529801368713,0.3675961494445801,0.030232800170779228,0.09135600924491882,0.3027495741844177,0.02515590935945511,0.1971750557422638,0.41657504439353943,-0.04840858280658722,0.2519426643848419,0.23880350589752197,-0.07947469502687454,0.2885434031486511,0.14341199398040771,-0.0905974879860878,0.31740960478782654,0.07376867532730103,-0.0937391147017479,0.2464679628610611,0.4578268826007843,-0.07448264211416245,0.3335497975349426,0.26205259561538696,-0.10649580508470535,0.39059731364250183,0.1524982452392578,-0.11585762351751328,0.4317551255226135,0.0821012556552887,-0.11954312026500702,0.3013148605823517,0.5172011852264404,-0.09342356771230698,0.3918874263763428,0.3502054810523987,-0.11975927650928497,0.44918787479400635,0.2790161967277527,-0.12539516389369965,0.4934331476688385,0.23440496623516083,-0.12570680677890778,0.3495855927467346,0.5878394842147827,-0.10697309672832489,0.4395410418510437,0.48286619782447815,-0.12497501075267792,0.49067509174346924,0.4394529163837433,-0.12389238178730011,0.5355212688446045,0.40397268533706665,-0.11955627799034119,Left
0.25066685676574707,0.7928794622421265,9.09174218577391e-07,0.36884263157844543,0.7690820693969727,-0.04642891138792038,0.4646245241165161,0.6971526145935059,-0.07065927982330322,0.5314012765884399,0.6295400261878967,-0.09330657124519348,0.5948002338409424,0.5906273126602173,-0.11624458432197571,0.41369378566741943,0.4726037383079529,-0.04036050662398338,0.47873127460479736,0.35832342505455017,-0.0776483491063118,0.5203542709350586,0.2862192392349243,-0.10921590775251389,0.5563153624534607,0.21931695938110352,-0.1330539733171463,0.34783104062080383,0.43112415075302124,-0.04739711806178093,0.38266924023628235,0.2658158838748932,-0.08219702541828156,0.4088514447212219,0.1601998209953308,-0.11296737939119339,0.4313989579677582,0.06529274582862854,-0.13600470125675201,0.2800646424293518,0.43199819326400757,-0.06111122667789459,0.29702329635620117,0.27833157777786255,-0.09925264865159988,0.31520751118659973,0.17390945553779602,-0.128737673163414,0.33426979184150696,0.07638448476791382,-0.1481553167104721,0.209320068359375,0.46300601959228516,-0.07913301140069962,0.20005302131175995,0.3363826870918274,-0.1172977089881897,0.1947435736656189,0.24818889796733856,-0.13778604567050934,0.19465583562850952,0.15830370783805847,-0.15078270435333252,Left
0.2465740442276001,0.783586859703064,9.299008638663508e-07,0.3616553843021393,0.7634862661361694,-0.059931643307209015,0.45884016156196594,0.6854292154312134,-0.09337325394153595,0.5283490419387817,0.6230206489562988,-0.12346894294023514,0.595713198184967,0.5875915288925171,-0.1545432209968567,0.40398648381233215,0.44671180844306946,-0.06531057506799698,0.4630412459373474,0.322536826133728,-0.11420388519763947,0.49938899278640747,0.24967437982559204,-0.1538461148738861,0.5264741778373718,0.1798611283302307,-0.1821293830871582,0.3276120126247406,0.406404584646225,-0.07134785503149033,0.347486287355423,0.21190419793128967,-0.11429017037153244,0.36146536469459534,0.09508123993873596,-0.15056782960891724,0.3689149022102356,-0.008753359317779541,-0.1770637035369873,0.2526409327983856,0.415655255317688,-0.08423227071762085,0.25243473052978516,0.2518116235733032,-0.12951534986495972,0.25792086124420166,0.14114782214164734,-0.16203175485134125,0.2622247338294983,0.03576776385307312,-0.18304213881492615,0.17879997193813324,0.45930609107017517,-0.10227153450250626,0.16181716322898865,0.3264644742012024,-0.14329229295253754,0.15156689286231995,0.2397911101579666,-0.1618359088897705,0.14461171627044678,0.15198281407356262,-0.17338353395462036,Left
0.25755417346954346,0.7716546654701233,9.653260804043384e-07,0.3712216913700104,0.7500027418136597,-0.052147798240184784,0.4636055827140808,0.6733287572860718,-0.07979120314121246,0.5280957221984863,0.6106882095336914,-0.10517179220914841,0.5928572416305542,0.5875664949417114,-0.13084541261196136,0.40689554810523987,0.443221777677536,-0.048948053270578384,0.46736016869544983,0.3252279758453369,-0.08745937794446945,0.5048335790634155,0.25450775027275085,-0.1200994998216629,0.53572678565979,0.18615612387657166,-0.14507237076759338,0.3347122371196747,0.40710383653640747,-0.05370377004146576,0.3551236391067505,0.24126051366329193,-0.09001456946134567,0.3736546039581299,0.1387341022491455,-0.12132782489061356,0.38959595561027527,0.0443284809589386,-0.1447499394416809,0.26437294483184814,0.4145652949810028,-0.06501568853855133,0.26567932963371277,0.2634891867637634,-0.10416366904973984,0.2770976126194,0.1606457233428955,-0.13364194333553314,0.2898469567298889,0.06191074848175049,-0.15281696617603302,0.19680941104888916,0.4524856507778168,-0.08111809194087982,0.18266397714614868,0.32716619968414307,-0.11828944087028503,0.17458094656467438,0.24211646616458893,-0.1374530792236328,0.1718067079782486,0.15516382455825806,-0.1496860533952713,Left
0.2508046329021454,0.7661607265472412,9.614581131245359e-07,0.3637777864933014,0.7443619966506958,-0.05159075930714607,0.4581089913845062,0.6673964262008667,-0.07847345620393753,0.5247597694396973,0.6072127819061279,-0.10315113514661789,0.5892173051834106,0.5857269763946533,-0.12835748493671417,0.4001471698284149,0.44098204374313354,-0.0493515282869339,0.4603061079978943,0.3234947919845581,-0.08695489913225174,0.4965043365955353,0.25044113397598267,-0.1186598613858223,0.5253527164459229,0.17962589859962463,-0.14296600222587585,0.32842162251472473,0.4046366810798645,-0.05429378151893616,0.34928223490715027,0.23870229721069336,-0.08951468765735626,0.3657650053501129,0.1337641179561615,-0.12021446973085403,0.3779910206794739,0.038121193647384644,-0.14329639077186584,0.2582443952560425,0.4108865559101105,-0.06558709591627121,0.2582484483718872,0.26126760244369507,-0.10358507931232452,0.26897457242012024,0.15947875380516052,-0.1321798413991928,0.2803267240524292,0.06137785315513611,-0.15097534656524658,0.18994581699371338,0.44694143533706665,-0.08161739259958267,0.17271307110786438,0.3244970440864563,-0.11772503703832626,0.16462911665439606,0.24087180197238922,-0.13589802384376526,0.16252180933952332,0.1549341380596161,-0.14748822152614594,Left
0.7455328106880188,0.8290499448776245,6.191909278641106e-07,0.6461436152458191,0.7900693416595459,-0.03685702383518219,0.5630782842636108,0.7019504308700562,-0.05595435947179794,0.5008373856544495,0.6326860189437866,-0.07392685115337372,0.44369739294052124,0.5860853791236877,-0.09315939992666245,0.6235459446907043,0.5204524993896484,-0.033012330532073975,0.5794795155525208,0.40731531381607056,-0.06077006831765175,0.5534501075744629,0.3353389501571655,-0.08320734649896622,0.5319615602493286,0.267233669757843,-0.10235192626714706,0.6859779357910156,0.4926723539829254,-0.04221485182642937,0.6601120829582214,0.3523479700088501,-0.07027648389339447,0.6420192122459412,0.2624032497406006,-0.09662208706140518,0.6245273947715759,0.18334966897964478,-0.1178155392408371,0.7473079562187195,0.4995163679122925,-0.057662177830934525,0.741122841835022,0.3659892678260803,-0.09955405443906784,0.729357898235321,0.27504077553749084,-0.13560299575328827,0.7158594131469727,0.19135591387748718,-0.16089105606079102,0.8065590858459473,0.5345302820205688,-0.07524172961711884,0.8595095872879028,0.43527287244796753,-0.11894699931144714,0.8973870277404785,0.3610653877258301,-0.14841002225875854,0.9270488023757935,0.28934064507484436,-0.16964179277420044,Right
0.7394259572029114,0.784192681312561,4.687736634423345e-07,0.6275015473365784,0.7255681157112122,0.006139572709798813,0.565544068813324,0.6430284976959229,0.0006519868038594723,0.522334098815918,0.5820971131324768,-0.016708016395568848,0.4744512438774109,0.5320204496383667,-0.04034104570746422,0.6371926069259644,0.48767685890197754,0.014769651927053928,0.5956595540046692,0.3860548138618469,-0.006762151140719652,0.5641688704490662,0.3207213282585144,-0.02905617281794548,0.5364634990692139,0.26502367854118347,-0.050267294049263,0.6926631927490234,0.47504615783691406,-0.026179995387792587,0.6675989627838135,0.33973950147628784,-0.0539964996278286,0.6405810713768005,0.2551237642765045,-0.08781063556671143,0.6148629784584045,0.1838681697845459,-0.11608318984508514,0.7434913516044617,0.4873073399066925,-0.07271216064691544,0.7303701043128967,0.3573070764541626,-0.11590602993965149,0.7041209936141968,0.27687811851501465,-0.15866035223007202,0.6791238188743591,0.20233991742134094,-0.19127994775772095,0.7886461019515991,0.5183108448982239,-0.11873864382505417,0.8204958438873291,0.41285020112991333,-0.16755259037017822,0.8454319834709167,0.3413098454475403,-0.20357300341129303,0.8674454689025879,0.2724376618862152,-0.23254568874835968,Right
0.7885666489601135,0.7644666433334351,-2.9779553756270616e-07,0.7380518317222595,0.6231441497802734,0.09243713319301605,0.7257975339889526,0.5215369462966919,0.10377459228038788,0.7089627981185913,0.44592857360839844,0.09460051357746124,0.6808538436889648,0.37909942865371704,0.0767175480723381,0.8053299784660339,0.4462778568267822,-0.005941964685916901,0.7797730565071106,0.3045978248119354,-0.03687891364097595,0.7458541989326477,0.21422669291496277,-0.051734764128923416,0.713421642780304,0.14853784441947937,-0.06417310237884521,0.806628406047821,0.4733552038669586,-0.0792604312300682,0.7818275094032288,0.296897292137146,-0.12895117700099945,0.728166937828064,0.20046067237854004,-0.14846155047416687,0.6802507638931274,0.1283760368824005,-0.16161446273326874,0.78587406873703,0.5198495388031006,-0.14254765212535858,0.7355505228042603,0.36134257912635803,-0.19205699861049652,0.6689682006835938,0.28022894263267517,-0.20996184647083282,0.6141815781593323,0.22509098052978516,-0.22110526263713837,0.7469715476036072,0.5743257999420166,-0.19452708959579468,0.6858443021774292,0.47125113010406494,-0.24130842089653015,0.6328133344650269,0.40776610374450684,-0.2607923448085785,0.5882578492164612,0.3547353148460388,-0.2744457423686981,Right
0.7796487808227539,0.7567014098167419,1.0108178827294978e-07,0.8062361478805542,0.6209768652915955,0.03316936269402504,0.8094615340232849,0.5102680921554565,0.029211590066552162,0.7956396341323853,0.4237526059150696,0.019065452739596367,0.7758972644805908,0.3633933961391449,0.004847265779972076,0.8250986933708191,0.45140761137008667,-0.04201432317495346,0.8044676780700684,0.2943844795227051,-0.0744544193148613,0.768183171749115,0.20762208104133606,-0.08920393139123917,0.7381434440612793,0.14184412360191345,-0.09785053879022598,0.8064221739768982,0.4851827919483185,-0.07450941205024719,0.7651748657226562,0.31144386529922485,-0.11706652492284775,0.7061969041824341,0.21385058760643005,-0.13349118828773499,0.657098114490509,0.14808139204978943,-0.14334489405155182,0.7677119970321655,0.5328577756881714,-0.1004430279135704,0.6872151494026184,0.3773950934410095,-0.1350051760673523,0.6161456108093262,0.3105923533439636,-0.14345119893550873,0.5646377801895142,0.26855236291885376,-0.14659413695335388,0.7162858843803406,0.587285578250885,-0.12095114588737488,0.6286736130714417,0.48310935497283936,-0.14944812655448914,0.5723046660423279,0.43163761496543884,-0.15676191449165344,0.527114987373352,0.38700807094573975,-0.15902447700500488,Right
0.7808473110198975,0.7796543836593628,6.255102675822855e-07,0.685900866985321,0.7514452338218689,-0.03715730458498001,0.6045430302619934,0.6795517206192017,-0.05749073252081871,0.5392151474952698,0.6154007315635681,-0.07686702162027359,0.4770023226737976,0.5753606557846069,-0.0968988761305809,0.6520410180091858,0.49163201451301575,-0.027926350012421608,0.60270094871521,0.38225221633911133,-0.052661389112472534,0.5773512125015259,0.3125070035457611,-0.07249964028596878,0.5613110065460205,0.24834230542182922,-0.0893402248620987,0.712801992893219,0.45717912912368774,-0.03569941222667694,0.682770311832428,0.32020363211631775,-0.058091841638088226,0.6666443347930908,0.2347750961780548,-0.078605517745018,0.6539614200592041,0.1617535948753357,-0.09524037688970566,0.7762171626091003,0.4584507644176483,-0.05020204558968544,0.7691441774368286,0.32134872674942017,-0.0871439054608345,0.762364387512207,0.23246201872825623,-0.11683902889490128,0.7543055415153503,0.15109235048294067,-0.1376757025718689,0.8386867046356201,0.4894632399082184,-0.06720884889364243,0.8879044055938721,0.39272794127464294,-0.10881312191486359,0.9230592250823975,0.3214229941368103,-0.1348605901002884,0.9500942826271057,0.2520993947982788,-0.15271730720996857,Right
